Epoch,Loss_Normal,Loss_Penalizada
1,0.6931471805599453,0.6931471805599453
2,0.6370629879556506,0.6370644415374128
3,0.5449842024348057,0.5449981719437468
4,0.44184791530672307,0.441897191567232
5,0.347356283170355,0.3474710026332363
6,0.270762758645019,0.27097457822939536
7,0.21274873862337715,0.2130869271208488
8,0.17006984078100523,0.17055935210740683
9,0.1388251118326221,0.13948581774270943
10,0.11575585339950836,0.11660244886463447
11,0.09846696234136697,0.099509286401073
12,0.08528337517156703,0.0865269640605905
13,0.075050897463349,0.07649763493421644
14,0.06697270208689415,0.06862147829297238
15,0.06049310092086451,0.06234042896332058
16,0.055219169900576515,0.05725973519462291
17,0.050868796333248374,0.05309593010842922
18,0.04723626207569472,0.0496423395653501
19,0.04416927181944274,0.04674604053284714
20,0.04155344310171241,0.044292288760859215
21,0.03930169377976431,0.0421938521622759
22,0.037346878318033,0.040383601065745886
23,0.035636606408146476,0.038809288248916454
24,0.0341295471524892,0.03742982118184705
25,0.03279275816857697,0.03621256498597001
26,0.0315997311951611,0.03513136686249206
27,0.030528945021662816,0.03416509204851091
28,0.029562782048645046,0.03329652692592581
29,0.02868670853801744,0.03251154874431276
30,0.027888648204263126,0.031798491094025313
31,0.02715849905721372,0.031147654601279075
32,0.026487757439729517,0.03055092641821074
33,0.025869223033754832,0.030001481971125257
34,0.025296765569004318,0.029493549442973596
35,0.024765138948602185,0.029022222490733805
36,0.024269832104163565,0.028583310334358996
37,0.02380694851698308,0.02817321701001422
38,0.023373108272961587,0.027788843538000575
39,0.022965367951868786,0.0274275082110017
40,0.022581154723553033,0.027086881298779113
41,0.022218211831865085,0.026764931288870877
42,0.021874553260768096,0.02645988040912233
43,0.02154842584639954,0.026170167657478496
44,0.021238277460098032,0.025894417934131254
45,0.020942730167247806,0.025631416157800884
46,0.02066055748488123,0.02538008547156359
47,0.02039066503192657,0.025139468819051748
48,0.020132074000722918,0.024908713310171582
49,0.01988390698518411,0.024687056905097288
50,0.01964537578601477,0.02447381703258209
51,0.01941577088142506,0.024268380828442654
52,0.019194452306502772,0.024070196736163077
53,0.01898084172859468,0.023878767256815252
54,0.01877441554190415,0.023693642672145486
55,0.01857469883372608,0.023514415594482075
56,0.018381260098643208,0.023340716221445148
57,0.018193706596643346,0.023172208193368442
58,0.018011680267311675,0.023008584967724784
59,0.017834854125660167,0.02284956663836149
60,0.017662929076297854,0.02269489713853754
61,0.017495631091939832,0.022544341776043184
62,0.017332708710032178,0.022397685056421545
63,0.017173930807804806,0.022254728756779356
64,0.01701908462157342,0.02211529021809649
65,0.016867973980770102,0.021979200828503728
66,0.01672041773113548,0.021846304673844325
67,0.01657624832487033,0.02171645733508924
68,0.01643531055841808,0.021589524814935805
69,0.016297460441010072,0.0214653825782697
70,0.01616256417921987,0.021343914693173528
71,0.016030497264593085,0.02122501306088129
72,0.015901143652992243,0.021108576724548744
73,0.015774395025658066,0.020994511247975748
74,0.015650150123171,0.020882728156508195
75,0.015528314144525903,0.020773144433290626
76,0.015408798204430417,0.020665682064858866
77,0.015291518842722564,0.020560267630771793
78,0.015176397580490364,0.02045683193260071
79,0.01506336051807994,0.020355309658133623
80,0.014952337970709419,0.02025563907712414
81,0.014843264137873525,0.020157761765327766
82,0.014736076803136478,0.020061622353931274
83,0.014630717061275838,0.019967168301799943
84,0.014527129070062659,0.019874349688248423
85,0.014425259824249843,0.019783119024289038
86,0.014325058949594781,0.0196934310805304
87,0.014226478514968268,0.019605242730093293
88,0.014129472860802622,0.01951851280508257
89,0.01403399844231118,0.019433201965306394
90,0.013940013686071168,0.019349272578069857
91,0.01384747885870409,0.019266688607990377
92,0.013756355946515742,0.019185415515889852
93,0.013666608545071332,0.01910542016591445
94,0.013578201757783381,0.019026670740118053
95,0.013491102102681517,0.01894913665982209
96,0.013405277426614643,0.018872788513132607
97,0.013320696826209772,0.018797597988056487
98,0.013237330574977451,0.01872353781071381
99,0.013155150056013004,0.0186505816881918
100,0.013074127699795603,0.018578704255630463
101,0.01299423692663543,0.01850788102716913
102,0.012915452093361717,0.018438088350418727
103,0.012837748443883449,0.018369303364156396
104,0.012761102063289,0.018301503958968075
105,0.012685489835182705,0.018234668740590047
106,0.012610889401984248,0.018168776995723928
107,0.012537279127942525,0.018103808660120704
108,0.01246463806463846,0.018039744288747727
109,0.012392945918772087,0.017976565027870452
110,0.012322183022047822,0.017914252588895056
111,0.012252330302988826,0.017852789223832925
112,0.012183369260526825,0.017792157702259857
113,0.012115281939227077,0.017732341289654372
114,0.012048050906021287,0.017673323727009888
115,0.011981659228332076,0.017615089211624593
116,0.011916090453483125,0.01755762237898125
117,0.011851328589298254,0.01750090828563691
118,0.011787358085801123,0.017444932393049287
119,0.01172416381793494,0.01738968055227276
120,0.011661731069228203,0.01733513898946261
121,0.01160004551633908,0.01728129429213148
122,0.011539093214416566,0.017228133396106272
123,0.01147886058322157,0.01717564357313836
124,0.01141933439395609,0.017123812419123616
125,0.011360501756752583,0.017072627842892183
126,0.011302350108779754,0.01702207805553146
127,0.011244867202924313,0.016972151560208197
128,0.011188041097011664,0.016922837142458663
129,0.011131860143531151,0.01687412386091794
130,0.011076312979834536,0.01682600103846191
131,0.011021388518778333,0.016778458253737142
132,0.01096707593978332,0.016731485333056052
133,0.010913364680286213,0.016685072342636227
134,0.010860244427560489,0.016639209581164344
135,0.010807705110885222,0.01659388757266656
136,0.010755736894041834,0.01654909705966852
137,0.010704330168120724,0.016504828996629226
138,0.010653475544620466,0.01646107454363439
139,0.010603163848824006,0.016417825060335428
140,0.010553386113436682,0.016375072100121544
141,0.010504133572472775,0.016332807404513042
142,0.01045539765537745,0.01629102289776489
143,0.01040716998137214,0.016249710681669922
144,0.010359442354012352,0.016208863030552335
145,0.010312206755947148,0.016168472386442104
146,0.010265455343870787,0.016128531354421966
147,0.010219180443657121,0.016089032698138855
148,0.010173374545668176,0.016049969335472376
149,0.010128030300228819,0.016011334334353075
150,0.010083140513259991,0.01597312090872407
151,0.010038698142063155,0.015935322414639463
152,0.009994696291249393,0.01589793234649388
153,0.009951128208806637,0.015860944333377366
154,0.009907987282299222,0.015824352135550362
155,0.009865267035193855,0.015788149641033873
156,0.00982296112330691,0.015752330862309892
157,0.009781063331367778,0.01571688993312778
158,0.009739567569693538,0.01568182110541226
159,0.009698467870970546,0.015647118746268923
160,0.009657758387138416,0.015612777335083528
161,0.009617433386372411,0.015578791460711425
162,0.009577487250160489,0.015545155818753528
163,0.009537914470471087,0.015511865208915673
164,0.009498709647008276,0.015478914532448151
165,0.009459867484551018,0.015446298789662471
166,0.00942138279037318,0.015414013077522378
167,0.009383250471741407,0.015382052587306624
168,0.009345465533487933,0.015350412602340626
169,0.009308023075655635,0.015319088495794771
170,0.009270918291212545,0.015288075728546836
171,0.009234146463833571,0.01525736984710633
172,0.009197702965746759,0.015226966481598558
173,0.009161583255642015,0.015196861343806364
174,0.009125782876640016,0.015167050225267488
175,0.009090297454319165,0.015137528995425791
176,0.009055122694798735,0.015108293599834316
177,0.009020254382876043,0.015079340058408584
178,0.0089856883802161,0.015050664463728367
179,0.008951420623591734,0.015022262979386476
180,0.008917447123172611,0.014994131838382694
181,0.008883763960861473,0.01496626734156179
182,0.008850367288676131,0.014938665856093802
183,0.00881725332717554,0.014911323813995504
184,0.0087844183639287,0.014884237710691556
185,0.00875185875202493,0.014857404103614132
186,0.008719570908624064,0.014830819610839867
187,0.008687551313545533,0.014804480909762798
188,0.008655796507894937,0.014778384735802319
189,0.008624303092726862,0.014752527881145009
190,0.008593067727743061,0.0147269071935192
191,0.008562087130024576,0.01470151957500143
192,0.008531358072797032,0.014676361980853703
193,0.008500877384227872,0.01465143141839057
194,0.008470641946254704,0.014626724945875334
195,0.008440648693443685,0.014602239671444223
196,0.00841089461187716,0.014577972752057914
197,0.008381376738069553,0.014553921392479508
198,0.008352092157910754,0.01453008284427814
199,0.008323038005636095,0.014506454404857535
200,0.008294211462822273,0.014483033416508743
201,0.008265609757408237,0.014459817265486275
202,0.008237230162740562,0.014436803381107213
203,0.008209069996642275,0.014413989234872235
204,0.00818112662050486,0.014391372339608242
205,0.008153397438402363,0.014368950248631933
206,0.008125879896227232,0.014346720554933485
207,0.00809857148084714,0.014324680890380092
208,0.008071469719282288,0.01430282892493864
209,0.00804457217790248,0.01428116236591686
210,0.00801787646164356,0.014259678957222745
211,0.007991380213242463,0.014238376478641429
212,0.007965081112490679,0.014217252745129205
213,0.007938976875505219,0.01419630560612422
214,0.007913065254016942,0.014175532944873188
215,0.007887344034675529,0.014154932677774006
216,0.007861811038370808,0.014134502753733524
217,0.007836464119569867,0.01411424115354027
218,0.007811301165669578,0.014094145889251616
219,0.007786320096364134,0.014074215003595038
220,0.007761518863027081,0.014054446569383094
221,0.007736895448107636,0.014034838688941717
222,0.007712447864540772,0.014015389493551512
223,0.007688174155170692,0.013996097142901714
224,0.0076640723921874414,0.0139769598245564
225,0.007640140676576222,0.01395797575343273
226,0.007616377137579128,0.013939143171290823
227,0.007592779932168898,0.013920460346235057
228,0.007569347244534486,0.013901925572226333
229,0.007546077285578027,0.01388353716860529
230,0.007522968292422976,0.013865293479625816
231,0.007500018527933142,0.013847192873998961
232,0.007477226280242192,0.01382923374444674
233,0.007454589862293611,0.01381141450726571
234,0.007432107611390593,0.01379373360189994
235,0.007409777888755793,0.013776189490523321
236,0.0073875990791005645,0.013758780657630755
237,0.007365569590203545,0.013741505609638206
238,0.0073436878524982905,0.013724362874491285
239,0.007321952318669726,0.013707351001282168
240,0.007300361463259254,0.013690468559874653
241,0.007278913782278222,0.013673714140537106
242,0.00725760779282966,0.013657086353583234
243,0.007236442032737873,0.013640583829020352
244,0.0072154150601859935,0.013624205216204962
245,0.007194525453361025,0.013607949183505639
246,0.0071737718101063195,0.013591814417972824
247,0.007153152747581344,0.01357579962501548
248,0.007132666901928443,0.013559903528084408
249,0.007112312927946546,0.013544124868362178
250,0.007092089498771538,0.013528462404459252
251,0.007071995305563292,0.013512914912116418
252,0.0070520290571989665,0.013497481183913317
253,0.007032189479972708,0.013482160028982717
254,0.00701247531730133,0.013466950272730819
255,0.006992885329436028,0.013451850756562923
256,0.006973418293179899,0.013436860337614789
257,0.006954073001611148,0.013421977888489369
258,0.006934848263811768,0.013407202296998618
259,0.006915742904601784,0.013392532465910715
260,0.0068967557642786595,0.013377967312702013
261,0.0068778856983619414,0.013363505769314084
262,0.006859131577342943,0.013349146781915457
263,0.006840492286439327,0.013334889310668048
264,0.006821966725354585,0.01332073232949816
265,0.00680355380804213,0.013306674825871964
266,0.0067852524624741044,0.013292715800575294
267,0.00676706163041458,0.013278854267497768
268,0.006748980267197198,0.013265089253421035
269,0.006731007341507152,0.013251419797811097
270,0.00671314183516731,0.013237844952614628
271,0.006695382742928432,0.013224363782059177
272,0.0066777290722634846,0.013210975362457219
273,0.006660179843165777,0.013197678782013837
274,0.0066427340879510535,0.013184473140638135
275,0.0066253908510631844,0.013171357549758195
276,0.0066081491888836915,0.013158331132139454
277,0.006591008169544741,0.013145393021706564
278,0.006573966872745708,0.013132542363368558
279,0.0065570243895731566,0.01311977831284723
280,0.006540179822324184,0.013107100036508813
281,0.006523432284333031,0.013094506711198634
282,0.00650678089980094,0.013081997524078934
283,0.006490224803629129,0.013069571672469664
284,0.006473763141254867,0.013057228363692096
285,0.00645739506849054,0.013044966814915458
286,0.006441119751365674,0.013032786253006245
287,0.006424936365971848,0.013020685914380346
288,0.006408844098310399,0.013008665044857747
289,0.006392842144142964,0.012996722899520018
290,0.006376929708844609,0.012984858742570247
291,0.006361106007259746,0.012973071847195549
292,0.006345370263560491,0.012961361495431967
293,0.006329721711107728,0.012949726978031921
294,0.0063141595923144715,0.012938167594333881
295,0.0062986831585118445,0.012926682652134423
296,0.006283291669817281,0.012915271467562559
297,0.006267984395005195,0.012903933364956259
298,0.006252760611379827,0.012892667676741153
299,0.0062376196046504,0.012881473743311372
300,0.006222560668808436,0.01287035091291245
301,0.006207583106007228,0.012859298541526332
302,0.0061926862264434016,0.0128483159927583
303,0.006177869348240566,0.012837402637725925
304,0.006163131797334958,0.012826557854949922
305,0.006148472907363089,0.012815781030246883
306,0.006133892019551297,0.012805071556623828
307,0.006119388482607231,0.012794428834174683
308,0.006104961652613166,0.012783852269978316
309,0.006090610892921186,0.012773341277998576
310,0.0060763355740500865,0.012762895278985803
311,0.006062135073584124,0.012752513700380129
312,0.006048008776073389,0.012742195976216446
313,0.006033956072935922,0.012731941547030813
314,0.006019976362361439,0.01272174985976866
315,0.006006069049216739,0.012711620367694347
316,0.005992233544952628,0.012701552530302368
317,0.005978469267512426,0.012691545813229895
318,0.0059647756412420155,0.012681599688170987
319,0.005951152096801378,0.01267171363279195
320,0.005937598071077558,0.012661887130648423
321,0.00592411300709912,0.012652119671103475
322,0.0059106963539520005,0.012642410749247376
323,0.005897347566696728,0.012632759865818462
324,0.005884066106287008,0.012623166527125425
325,0.005870851439489635,0.012613630244970794
326,0.005857703038805739,0.012604150536575699
327,0.005844620382393259,0.012594726924505882
328,0.005831602953990723,0.01258535893659882
329,0.005818650242842263,0.012576046105892146
330,0.005805761743623739,0.01256678797055314
331,0.005792936956370252,0.012557584073809337
332,0.005780175386404593,0.012548433963880352
333,0.005767476544266994,0.012539337193910677
334,0.005754839945645925,0.012530293321903637
335,0.0057422651113100565,0.012521301910656358
336,0.005729751567041219,0.012512362527695728
337,0.005717298843568465,0.012503474745215504
338,0.005704906476503225,0.012494638140014249
339,0.005692574006275374,0.012485852293434347
340,0.005680300978070379,0.01247711679130195
341,0.0056680869417674445,0.012468431223867909
342,0.005655931451878536,0.012459795185749483
343,0.005643834067488452,0.012451208275873201
344,0.005631794352195785,0.012442670097418337
345,0.005619811874054759,0.0124341802577615
346,0.005607886205518065,0.012425738368421927
347,0.00559601692338047,0.012417344045007678
348,0.005584203608723344,0.012408996907162687
349,0.00557244584686007,0.012400696578514536
350,0.005560743227282243,0.012392442686623144
351,0.005549095343606659,0.012384234862930148
352,0.005537501793523209,0.012376072742709122
353,0.005525962178743494,0.012367955965016476
354,0.005514476104950204,0.012359884172643193
355,0.005503043181747351,0.01235185701206722
356,0.005491663022611107,0.012343874133406641
357,0.005480335244841563,0.012335935190373465
358,0.005469059469515033,0.012328039840228235
359,0.005457835321437218,0.012320187743735184
360,0.0054466624290969105,0.01231237856511821
361,0.005435540424620615,0.012304611972017307
362,0.005424468943727566,0.012296887635445843
363,0.005413447625685682,0.012289205229748409
364,0.0054024761132679434,0.012281564432559209
365,0.0053915540527095535,0.012273964924761134
366,0.005380681093665688,0.012266406390445503
367,0.005369856889169863,0.012258888516872271
368,0.0053590810955929016,0.012251410994430875
369,0.00534835337260251,0.012243973516601697
370,0.005337673383123445,0.012236575779918015
371,0.005327040793298271,0.012229217483928554
372,0.005316455272448649,0.012221898331160583
373,0.005305916493037205,0.012214618027083502
374,0.005295424130629989,0.01220737628007302
375,0.005284977863859349,0.012200172801375812
376,0.005274577374387531,0.012193007305074683
377,0.005264222346870603,0.012185879508054229
378,0.0052539124689230336,0.01217878912996705
379,0.005243647431082709,0.012171735893200364
380,0.005233426926776418,0.012164719522843108
381,0.005223250652285975,0.012157739746653592
382,0.005213118306714609,0.012150796295027504
383,0.005203029591953985,0.012143888900966453
384,0.0051929842126516345,0.012137017300046887
385,0.005182981876178845,0.012130181230389524
386,0.0051730222925990095,0.012123380432629113
387,0.005163105174636386,0.012116614649884769
388,0.005153230237645336,0.012109883627730546
389,0.005143397199579978,0.012103187114166573
390,0.005133605780964248,0.012096524859590483
391,0.0051238557048623665,0.012089896616769336
392,0.005114146696849748,0.012083302140811852
393,0.005104478484984297,0.01207674118914108
394,0.005094850799778076,0.01207021352146739
395,0.005085263374169388,0.012063718899761926
396,0.005075715943495229,0.012057257088230333
397,0.005066208245464139,0.012050827853286906
398,0.00505674002012938,0.012044430963529045
399,0.005047311009862501,0.012038066189712131
400,0.005037920959327305,0.012031733304724672
401,0.005028569615454065,0.012025432083563804
402,0.0050192567274141885,0.01201916230331115
403,0.005009982046595188,0.012012923743109038
404,0.005000745326575954,0.012006716184136925
405,0.004991546323102413,0.012000539409588258
406,0.004982384794063484,0.011994393204647572
407,0.004973260499467339,0.011988277356467958
408,0.004964173201418043,0.011982191654148787
409,0.0049551226640923915,0.011976135888713709
410,0.004946108653717226,0.01197010985308906
411,0.004937130938546823,0.011964113342082413
412,0.0049281892888408075,0.011958146152361494
413,0.004919283476842217,0.0119522080824334
414,0.004910413276755899,0.011946298932624016
415,0.004901578464727163,0.011940418505057785
416,0.004892778818820767,0.01193456660363766
417,0.004884014119000127,0.011928743034025403
418,0.004875284147106823,0.011922947603622109
419,0.00486658868684036,0.011917180121548961
420,0.004857927523738192,0.011911440398628268
421,0.004849300445156021,0.011905728247364737
422,0.004840707240248313,0.011900043481927006
423,0.00483214769994912,0.011894385918129403
424,0.004823621616953081,0.011888755373413943
425,0.004815128785696751,0.011883151666832535
426,0.004806669002340072,0.011877574619029503
427,0.004798242064748157,0.011872024052224197
428,0.004789847772473274,0.011866499790193974
429,0.004781485926737051,0.011861001658257283
430,0.004773156330412958,0.011855529483257028
431,0.004764858788008929,0.011850083093544132
432,0.004756593105650249,0.011844662318961304
433,0.004748359091062695,0.011839266990826994
434,0.004740156553555822,0.011833896941919629
435,0.0047319853040064565,0.011828552006461941
436,0.004723845154842483,0.011823232020105568
437,0.004715735920026759,0.011817936819915836
438,0.004707657415041203,0.011812666244356704
439,0.00469960945687118,0.011807420133275955
440,0.004691591863990002,0.011802198327890503
441,0.004683604456343661,0.01179700067077196
442,0.004675647055335701,0.011791827005832298
443,0.004667719483812352,0.011786677178309779
444,0.0046598215660477536,0.011781551034754992
445,0.004651953127729495,0.011776448423017095
446,0.004644113995944144,0.01177136919223025
447,0.004636303999163151,0.011766313192800158
448,0.004628522967228755,0.011761280276390836
449,0.004620770731340224,0.01175627029591148
450,0.004613047124040111,0.011751283105503604
451,0.004605351979200754,0.011746318560528195
452,0.004597685132010962,0.01174137651755316
453,0.004590046418962781,0.011736456834340788
454,0.00458243567783852,0.01173155936983556
455,0.004574852747697864,0.011726683984151842
456,0.004567297468865118,0.01172183053856201
457,0.004559769682916684,0.011716998895484514
458,0.004552269232668685,0.01171218891847217
459,0.004544795962164618,0.01170740047220059
460,0.004537349716663281,0.01170263342245674
461,0.00452993034262681,0.011697887636127668
462,0.004522537687708839,0.01169316298118929
463,0.004515171600742797,0.011688459326695398
464,0.004507831931730353,0.011683776542766759
465,0.004500518531830032,0.011679114500580342
466,0.004493231253345879,0.011674473072358704
467,0.004485969949716382,0.011669852131359442
468,0.0044787344755033804,0.011665251551864826
469,0.004471524686381213,0.011660671209171566
470,0.004464340439125962,0.011656110979580626
471,0.004457181591604791,0.01165157074038725
472,0.004450048002765462,0.011647050369871036
473,0.004442939532625898,0.011642549747286155
474,0.004435856042263974,0.011638068752851671
475,0.004428797393807318,0.011633607267742048
476,0.004421763450423295,0.011629165174077614
477,0.004414754076309083,0.01162474235491531
478,0.004407769136681865,0.011620338694239438
479,0.0044008084977691505,0.011615954076952532
480,0.004393872026799186,0.011611588388866388
481,0.004386959591991477,0.011607241516693127
482,0.00438007106254743,0.011602913348036389
483,0.0043732063086411015,0.0115986037713827
484,0.004366365201410036,0.011594312676092785
485,0.004359547612946231,0.011590039952393152
486,0.004352753416287169,0.011585785491367644
487,0.004345982485407008,0.011581549184949143
488,0.0043392346952078045,0.01157733092591136
489,0.004332509921510874,0.011573130607860766
490,0.004325808041048259,0.01156894812522853
491,0.004319128931454264,0.011564783373262572
492,0.004312472471257093,0.011560636248019762
493,0.004305838539870597,0.01155650664635819
494,0.004299227017586078,0.011552394465929455
495,0.004292637785564243,0.011548299605171109
496,0.0042860707258271765,0.011544221963299189
497,0.004279525721250461,0.011540161440300782
498,0.004273002655555359,0.011536117936926757
499,0.00426650141330106,0.011532091354684457
500,0.004260021879877068,0.011528081595830617
501,0.004253563941495612,0.011524088563364229
502,0.0042471274851842026,0.011520112161019575
503,0.004240712398778196,0.011516152293259314
504,0.004234318570913518,0.011512208865267649
505,0.0042279458910194105,0.011508281782943518
506,0.0042215942493112725,0.011504370952893956
507,0.004215263536783589,0.011500476282427459
508,0.004208953645202928,0.01149659767954745
509,0.00420266446710103,0.011492735052945782
510,0.00419639589576794,0.011488888311996407
511,0.004190147825245226,0.011485057366748999
512,0.00418392015031931,0.011481242127922682
513,0.004177712766514792,0.011477442506899884
514,0.004171525570087923,0.011473658415720213
515,0.004165358458020118,0.011469889767074404
516,0.004159211328011497,0.011466136474298292
517,0.004153084078474589,0.011462398451366916
518,0.004146976608528023,0.011458675612888727
519,0.004140888817990291,0.0114549678740997
520,0.0041348206073736175,0.011451275150857618
521,0.0041287718778778995,0.011447597359636484
522,0.004122742531384637,0.011443934417520826
523,0.004116732470451015,0.011440286242200205
524,0.004110741598303964,0.011436652751963688
525,0.004104769818834418,0.011433033865694471
526,0.004098817036591422,0.011429429502864474
527,0.004092883156776509,0.011425839583529045
528,0.004086968085238028,0.01142226402832171
529,0.0040810717284655434,0.011418702758448952
530,0.004075193993584315,0.011415155695685113
531,0.004069334788349813,0.011411622762367273
532,0.004063494021142282,0.011408103881390238
533,0.004057671600961431,0.011404598976201517
534,0.004051867437421078,0.011401107970796477
535,0.004046081440743909,0.01139763078971339
536,0.004040313521756306,0.011394167358028666
537,0.004034563591883164,0.01139071760135204
538,0.004028831563142839,0.011387281445821896
539,0.004023117348142079,0.011383858818100535
540,0.004017420860071045,0.01138044964536962
541,0.004011742012698401,0.011377053855325558
542,0.004006080720366385,0.011373671376175006
543,0.004000436897985987,0.011370302136630352
544,0.003994810461032214,0.011366946065905324
545,0.0039892013255392565,0.01136360309371057
546,0.003983609408095886,0.011360273150249355
547,0.003978034625840774,0.011356956166213236
548,0.003972476896457889,0.011353652072777835
549,0.003966936138171957,0.0113503608015986
550,0.0039614122697439755,0.011347082284806704
551,0.00395590521046675,0.011343816455004848
552,0.003950414880160446,0.011340563245263252
553,0.003944941199168273,0.011337322589115552
554,0.003939484088352112,0.01133409442055491
555,0.0039340434690882786,0.011330878674029923
556,0.003928619263263235,0.01132767528444084
557,0.00392321139326945,0.011324484187135619
558,0.00391781978200118,0.011321305317906101
559,0.003912444352850416,0.011318138612984245
560,0.003907085029702765,0.011314984009038338
561,0.0039017417369334615,0.0113118414431693
562,0.003896414399403311,0.011308710852907009
563,0.003891102942454802,0.01130559217620665
564,0.003885807291908155,0.0113024853514451
565,0.003880527374057448,0.011299390317417377
566,0.003875263115666795,0.011296307013333121
567,0.003870014443966525,0.011293235378813042
568,0.0038647812866494384,0.01129017535388551
569,0.0038595635718670536,0.011287126878983134
570,0.0038543612282259565,0.011284089894939321
571,0.003849174184784105,0.011281064342984946
572,0.003844002371047216,0.011278050164745038
573,0.003838845716965239,0.011275047302235473
574,0.0038337041529287095,0.011272055697859693
575,0.003828577609765305,0.011269075294405542
576,0.003823466018736348,0.011266106035042
577,0.003818369311533339,0.01126314786331607
578,0.0038132874202745845,0.011260200723149622
579,0.003808220277501749,0.011257264558836296
580,0.003803167816176578,0.011254339315038456
581,0.0037981299696775244,0.011251424936784086
582,0.0037931066717964844,0.011248521369463846
583,0.003788097856735569,0.011245628558828089
584,0.0037831034591038278,0.011242746450983842
585,0.0037781234139140974,0.011239874992391962
586,0.0037731576565798197,0.011237014129864203
587,0.0037682061229119225,0.01123416381056035
588,0.003763268749115694,0.011231323981985397
589,0.0037583454717877414,0.011228494591986717
590,0.0037534362279129205,0.011225675588751292
591,0.0037485409548613305,0.01122286692080295
592,0.0037436595903853234,0.011220068536999672
593,0.003738792072616533,0.011217280386530812
594,0.0037339383400629717,0.011214502418914491
595,0.0037290983316061116,0.01121173458399492
596,0.0037242719864979856,0.011208976831939752
597,0.0037194592443583786,0.011206229113237562
598,0.0037146600451719593,0.011203491378695137
599,0.0037098743292855226,0.011200763579435067
600,0.0037051020374051884,0.011198045666893114
601,0.0037003431105936562,0.011195337592815772
602,0.0036955974902675172,0.011192639309257764
603,0.0036908651181945156,0.011189950768579586
604,0.003686145936490914,0.01118727192344508
605,0.0036814398876188056,0.011184602726819023
606,0.003676746914383555,0.011181943131964765
607,0.0036720669599311214,0.011179293092441811
608,0.0036673999677455577,0.011176652562103538
609,0.0036627458816463954,0.011174021495094852
610,0.0036581046457861838,0.011171399845849892
611,0.0036534762046479237,0.011168787569089747
612,0.003648860503042626,0.011166184619820215
613,0.0036442574861068376,0.011163590953329569
614,0.0036396670993002187,0.011161006525186359
615,0.0036350892884030915,0.011158431291237166
616,0.0036305239995140866,0.011155865207604516
617,0.0036259711790477744,0.011153308230684635
618,0.0036214307737322524,0.011150760317145427
619,0.0036169027306069156,0.011148221423924244
620,0.003612386997020057,0.011145691508225903
621,0.003607883520626637,0.011143170527520545
622,0.0036033922493859953,0.011140658439541599
623,0.003598913131559614,0.011138155202283785
624,0.0035944461157088685,0.01113566077400103
625,0.0035899911506928612,0.011133175113204549
626,0.003585548185666211,0.011130698178660801
627,0.0035811171700768523,0.011128229929389576
628,0.0035766980536639614,0.01112577032466202
629,0.003572290786455773,0.01112331932399873
630,0.003567895318767483,0.011120876887167884
631,0.003563511601199157,0.01111844297418324
632,0.0035591395846336664,0.011116017545302403
633,0.00355477922023462,0.011113600561024865
634,0.0035504304594443344,0.011111191982090235
635,0.0035460932539818127,0.011108791769476377
636,0.0035417675558407583,0.011106399884397608
637,0.00353745331728755,0.011104016288302963
638,0.0035331504908593277,0.011101640942874323
639,0.0035288590293620164,0.011099273810024764
640,0.0035245788858683734,0.011096914851896759
641,0.003520310013716132,0.011094564030860454
642,0.003516052366506036,0.011092221309511973
643,0.0035118058981000056,0.011089886650671744
644,0.0035075705626192526,0.011087560017382755
645,0.0035033463144424144,0.01108524137290898
646,0.0034991331082037617,0.011082930680733665
647,0.0034949308987913433,0.01108062790455771
648,0.0034907396413452006,0.011078333008298052
649,0.003486559291255583,0.011076045956086078
650,0.0034823898041611576,0.011073766712265993
651,0.0034782311359472817,0.011071495241393293
652,0.0034740832427442333,0.011069231508233173
653,0.0034699460809254823,0.011066975477758968
654,0.0034658196071060414,0.011064727115150665
655,0.003461703778140672,0.011062486385793314
656,0.0034575985511222838,0.011060253255275578
657,0.00345350388338021,0.011058027689388208
658,0.003449419732478592,0.011055809654122593
659,0.0034453460562147266,0.011053599115669239
660,0.003441282812617409,0.011051396040416337
661,0.0034372299599453792,0.011049200394948375
662,0.0034331874566856857,0.011047012146044588
663,0.003429155261552087,0.011044831260677686
664,0.00342513333348353,0.011042657706012309
665,0.003421121631642519,0.011040491449403736
666,0.0034171201154136565,0.011038332458396444
667,0.0034131287444020345,0.011036180700722781
668,0.003409147478431733,0.011034036144301575
669,0.0034051762775443545,0.011031898757236789
670,0.003401215101997485,0.011029768507816213
671,0.0033972639122632244,0.011027645364510147
672,0.003393322669026708,0.011025529295970029
673,0.0033893913331846746,0.011023420271027196
674,0.0033854698658439975,0.011021318258691586
675,0.003381558228320223,0.011019223228150441
676,0.003377656382136247,0.011017135148767052
677,0.003373764289020778,0.011015053990079482
678,0.0033698819109070463,0.011012979721799375
679,0.0033660092099313315,0.01101091231381066
680,0.0033621461484316566,0.011008851736168355
681,0.0033582926889463792,0.01100679795909736
682,0.0033544487942128495,0.011004750952991244
683,0.003350614427166065,0.011002710688411053
684,0.0033467895509373524,0.01100067713608412
685,0.0033429741288530553,0.0109986502669029
686,0.003339168124433183,0.01099663005192383
687,0.00333537150139015,0.010994616462366111
688,0.0033315842236274567,0.01099260946961065
689,0.0033278062552384575,0.01099060904519885
690,0.003324037560505047,0.010988615160831525
691,0.003320278103896433,0.010986627788367787
692,0.00331652785006785,0.010984646899823914
693,0.003312786763859385,0.010982672467372303
694,0.0033090548102946912,0.010980704463340308
695,0.0033053319545798005,0.010978742860209233
696,0.003301618162101906,0.010976787630613234
697,0.0032979133984281615,0.010974838747338247
698,0.003294217629304536,0.010972896183320962
699,0.0032905308206545355,0.010970959911647761
700,0.003286852938578152,0.010969029905553688
701,0.003283183949350618,0.010967106138421421
702,0.0032795238194212976,0.010965188583780278
703,0.003275872515412531,0.01096327721530517
704,0.003272230004118493,0.01096137200681564
705,0.0032685962525041004,0.010959472932274856
706,0.003264971227703863,0.010957579965788593
707,0.0032613548970207907,0.010955693081604316
708,0.0032577472279253098,0.01095381225411017
709,0.00325414818805414,0.01095193745783404
710,0.0032505577452092683,0.0109500686674426
711,0.0032469758673568214,0.010948205857740348
712,0.003243402522626037,0.010946349003668693
713,0.0032398376793082084,0.010944498080305011
714,0.0032362813058556036,0.01094265306286173
715,0.0032327333708804776,0.010940813926685418
716,0.0032291938431540167,0.010938980647255882
717,0.0032256626916052976,0.01093715320018525
718,0.0032221398853203207,0.010935331561217098
719,0.0032186253935409664,0.01093351570622554
720,0.003215119185663984,0.010931705611214398
721,0.0032116212312400627,0.010929901252316281
722,0.0032081314999727736,0.010928102605791742
723,0.003204649961717671,0.010926309648028437
724,0.003201176586481243,0.010924522355540246
725,0.0031977113444200227,0.010922740704966455
726,0.0031942542058395976,0.010920964673070903
727,0.003190805141193656,0.010919194236741153
728,0.0031873641210830935,0.010917429372987723
729,0.0031839311162550326,0.010915670058943141
730,0.003180506097601918,0.01091391627186129
731,0.003177089036160615,0.010912167989116501
732,0.003173679903111472,0.01091042518820279
733,0.0031702786697774396,0.01090868784673307
734,0.003166885307623158,0.010906955942438354
735,0.0031634997882540976,0.010905229453166992
736,0.003160122083415619,0.010903508356883891
737,0.003156752164992165,0.010901792631669748
738,0.003153390005006349,0.010900082255720306
739,0.0031500355756180877,0.010898377207345555
740,0.003146688849123788,0.010896677464969053
741,0.003143349797955454,0.010894983007127136
742,0.0031400183946798544,0.010893293812468174
743,0.0031366946119977136,0.01089160985975188
744,0.0031333784227428325,0.010889931127848562
745,0.0031300697998813067,0.010888257595738405
746,0.003126768716510698,0.010886589242510764
747,0.0031234751458591916,0.010884926047363446
748,0.003120189061284849,0.01088326798960202
749,0.0031169104362747547,0.010881615048639114
750,0.0031136392444442397,0.010879967203993705
751,0.003110375459536109,0.01087832443529049
752,0.003107119055419837,0.010876686722259136
753,0.0031038700060908083,0.010875054044733646
754,0.0031006282856695425,0.01087342638265168
755,0.003097393868400928,0.010871803716053889
756,0.0030941667286534325,0.010870186025083231
757,0.003090946840918421,0.010868573289984395
758,0.003087734179809361,0.010866965491103043
759,0.003084528720061059,0.01086536260888523
760,0.0030813304365289607,0.010863764623876771
761,0.0030781393041884237,0.010862171516722575
762,0.0030749552981339592,0.01086058326816601
763,0.0030717783935785372,0.010858999859048323
764,0.0030686085658528654,0.01085742127030799
765,0.003065445790404669,0.010855847482980066
766,0.003062290042797992,0.010854278478195645
767,0.003059141298712502,0.010852714237181219
768,0.0030559995339428016,0.010851154741258043
769,0.003052864724397702,0.010849599971841602
770,0.0030497368460995792,0.010848049910440957
771,0.0030466158751836984,0.010846504538658201
772,0.0030435017878974874,0.010844963838187874
773,0.0030403945605999164,0.010843427790816339
774,0.0030372941697608246,0.010841896378421258
775,0.003034200591960243,0.01084036958297098
776,0.0030311138038877456,0.010838847386524023
777,0.0030280337823417993,0.010837329771228463
778,0.0030249605042291247,0.010835816719321396
779,0.0030218939465640592,0.010834308213128389
780,0.0030188340864678825,0.010832804235062918
781,0.0030157809011682433,0.010831304767625857
782,0.003012734367998481,0.01082980979340487
783,0.0030096944643970324,0.010828319295073942
784,0.003006661167906789,0.010826833255392805
785,0.003003634456174513,0.010825351657206425
786,0.003000614306950199,0.010823874483444455
787,0.002997600698086485,0.010822401717120752
788,0.0029945936075380488,0.010820933341332821
789,0.0029915930133610005,0.010819469339261334
790,0.0029885988937122976,0.01081800969416958
791,0.002985611226849175,0.010816554389402995
792,0.0029826299911285097,0.010815103408388642
793,0.002979655165006299,0.010813656734634712
794,0.0029766867270370483,0.010812214351730031
795,0.0029737246558732156,0.010810776243343579
796,0.0029707689302646166,0.010809342393223991
797,0.002967819529057899,0.010807912785199054
798,0.0029648764311959643,0.010806487403175271
799,0.0029619396157174026,0.01080506623113734
800,0.002959009061755948,0.010803649253147696
801,0.0029560847485399374,0.010802236453346065
802,0.0029531666553917623,0.010800827815948957
803,0.0029502547617273,0.010799423325249219
804,0.0029473490470554413,0.010798022965615564
805,0.0029444494909774935,0.010796626721492151
806,0.002941556073186665,0.0107952345773981
807,0.0029386687734675706,0.010793846517927025
808,0.0029357875716956882,0.010792462527746629
809,0.0029329124478368186,0.010791082591598226
810,0.0029300433819466087,0.010789706694296342
811,0.002927180354170012,0.010788334820728199
812,0.0029243233447408053,0.010786966955853388
813,0.0029214723339810573,0.010785603084703334
814,0.002918627302300654,0.01078424319238095
815,0.0029157882301967674,0.010782887264060143
816,0.0029129550982533994,0.010781535284985459
817,0.0029101278871408666,0.0107801872404716
818,0.002907306577615336,0.010778843115903053
819,0.0029044911505182883,0.01077750289673366
820,0.0029016815867761165,0.010776166568486211
821,0.0028988778673995725,0.010774834116752043
822,0.002896079973483344,0.010773505527190596
823,0.0028932878862055534,0.010772180785529085
824,0.0028905015868273213,0.010770859877562024
825,0.0028877210566922626,0.010769542789150884
826,0.0028849462772260644,0.010768229506223694
827,0.0028821772299359827,0.010766920014774615
828,0.0028794138964104423,0.01076561430086358
829,0.002876656258318531,0.010764312350615925
830,0.0028739042974096018,0.010763014150221965
831,0.0028711579955127747,0.010761719685936637
832,0.002868417334536534,0.010760428944079138
833,0.002865682296468262,0.010759141911032532
834,0.0028629528633738353,0.010757858573243378
835,0.0028602290173971525,0.010756578917221368
836,0.0028575107407597107,0.010755302929538949
837,0.00285479801576021,0.010754030596830983
838,0.002852090824774084,0.01075276190579437
839,0.0028493891502531024,0.010751496843187675
840,0.0028466929747249653,0.010750235395830804
841,0.0028440022807928278,0.010748977550604638
842,0.002841317051134964,0.010747723294450657
843,0.002838637268504293,0.010746472614370629
844,0.0028359629157280004,0.010745225497426245
845,0.002833293975707115,0.010743981930738753
846,0.002830630431416163,0.010742741901488696
847,0.0028279722659026317,0.010741505396915443
848,0.0028253194622867646,0.01074027240431698
849,0.0028226720037609807,0.010739042911049497
850,0.0028200298735895847,0.010737816904527103
851,0.002817393055108383,0.010736594372221445
852,0.002814761531724248,0.010735375301661413
853,0.0028121352869147267,0.01073415968043282
854,0.002809514304227741,0.010732947496178067
855,0.002806898567281098,0.010731738736595817
856,0.0028042880597622046,0.010730533389440694
857,0.0028016827654276243,0.010729331442522937
858,0.0027990826681027516,0.010728132883708118
859,0.002796487751681422,0.010726937700916792
860,0.0027938980001255467,0.010725745882124254
861,0.002791313397464734,0.010724557415360133
862,0.0027887339277959545,0.010723372288708174
863,0.0027861595752831647,0.0107221904903059
864,0.002783590324156946,0.010721012008344279
865,0.0027810261587141436,0.010719836831067479
866,0.002778467063317541,0.010718664946772538
867,0.002775913022395465,0.010717496343809082
868,0.002773364020441481,0.010716331010579025
869,0.00277082004201402,0.010715168935536248
870,0.002768281071736031,0.010714010107186391
871,0.0027657470942946696,0.010712854514086465
872,0.0027632180944409013,0.01071170214484462
873,0.0027606940569892334,0.010710552988119876
874,0.00275817496681732,0.0107094070326218
875,0.002755660808865664,0.010708264267110251
876,0.002753151568137268,0.010707124680395091
877,0.0027506472296973247,0.010705988261335914
878,0.002748147778672846,0.010704854998841763
879,0.002745653200252398,0.01070372488187086
880,0.002743163479685744,0.010702597899430353
881,0.002740678602283505,0.010701474040576035
882,0.0027381985534168703,0.010700353294412041
883,0.002735723318517306,0.010699235650090648
884,0.0027332528830761415,0.010698121096811956
885,0.0027307872326443883,0.010697009623823656
886,0.0027283263528323247,0.010695901220420762
887,0.0027258702293092357,0.010694795875945344
888,0.002723418847803098,0.010693693579786275
889,0.002720972194100248,0.010692594321378993
890,0.00271853025404514,0.010691498090205222
891,0.0027160930135399744,0.010690404875792713
892,0.002713660458544464,0.010689314667715047
893,0.0027112325750754673,0.010688227455591323
894,0.002708809349206755,0.010687143229085929
895,0.0027063907670686746,0.010686061977908355
896,0.00270397681484789,0.010684983691812838
897,0.0027015674787870697,0.01068390836059821
898,0.002699162745184592,0.010682835974107636
899,0.0026967626003942813,0.010681766522228343
900,0.0026943670308251125,0.010680699994891435
901,0.0026919760229409413,0.010679636382071596
902,0.0026895895632601825,0.010678575673786909
903,0.002687207638355577,0.010677517860098594
904,0.002684830234853906,0.010676462931110794
905,0.0026824573394356663,0.010675410876970309
906,0.002680088938834866,0.010674361687866432
907,0.0026777250198387146,0.010673315354030634
908,0.0026753655692873593,0.010672271865736438
909,0.002673010574073599,0.010671231213299104
910,0.0026706600211426463,0.01067019338707547
911,0.0026683138974918467,0.010669158377463694
912,0.0026659721901704098,0.010668126174903054
913,0.0026636348862791553,0.010667096769873725
914,0.0026613019729702283,0.010666070152896567
915,0.002658973437446892,0.010665046314532868
916,0.0026566492669632246,0.01066402524538419
917,0.002654329448823866,0.010663006936092151
918,0.0026520139703837932,0.010661991377338122
919,0.00264970281904802,0.01066097855984317
920,0.002647395982271394,0.010659968474367723
921,0.0026450934475583283,0.010658961111711402
922,0.002642795202462521,0.010657956462712824
923,0.002640501234586773,0.010656954518249395
924,0.002638211531582676,0.0106559552692371
925,0.0026359260811504265,0.010654958706630304
926,0.002633644871038536,0.010653964821421554
927,0.002631367889043616,0.010652973604641377
928,0.0026290951230101313,0.010651985047358044
929,0.002626826560830155,0.010650999140677467
930,0.0026245621904431565,0.010650015875742904
931,0.002622301999835738,0.010649035243734815
932,0.0026200459770413967,0.010648057235870655
933,0.002617794110140347,0.010647081843404698
934,0.0026155463872592002,0.010646109057627806
935,0.002613302796570837,0.010645138869867288
936,0.00261106332629408,0.010644171271486688
937,0.002608827964693533,0.010643206253885578
938,0.0026065967000793353,0.010642243808499409
939,0.002604369520806939,0.010641283926799291
940,0.0026021464152768776,0.01064032660029186
941,0.002599927371934566,0.010639371820519022
942,0.002597712379270041,0.010638419579057822
943,0.0025955014258177826,0.010637469867520278
944,0.002593294500156506,0.010636522677553136
945,0.002591091590908865,0.010635578000837736
946,0.0025888926867413307,0.010634635829089849
947,0.0025866977763639373,0.010633696154059484
948,0.002584506848530048,0.010632758967530673
949,0.002582319892036193,0.010631824261321357
950,0.0025801368957218216,0.010630892027283205
951,0.002577957848469118,0.010629962257301388
952,0.002575782739202745,0.010629034943294483
953,0.0025736115568897257,0.010628110077214238
954,0.002571444290539142,0.010627187651045436
955,0.0025692809292020085,0.010626267656805757
956,0.00256712146197101,0.010625350086545533
957,0.0025649658779803393,0.010624434932347628
958,0.0025628141664054914,0.010623522186327302
959,0.002560666316463046,0.010622611840631995
960,0.0025585223174104618,0.010621703887441191
961,0.0025563821585459436,0.010620798318966255
962,0.0025542458292081884,0.010619895127450254
963,0.0025521133187761556,0.010618994305167825
964,0.0025499846166689923,0.010618095844425005
965,0.0025478597123457253,0.01061719973755905
966,0.002545738595305119,0.010616305976938328
967,0.002543621255085506,0.010615414554962115
968,0.0025415076812645497,0.010614525464060456
969,0.0025393978634590873,0.010613638696694032
970,0.0025372917913249406,0.010612754245353972
971,0.002535189454556723,0.01061187210256172
972,0.00253309084288766,0.010610992260868889
973,0.0025309959460893994,0.010610114712857083
974,0.0025289047539718296,0.0106092394511378
975,0.0025268172563829108,0.010608366468352226
976,0.0025247334432084863,0.01060749575717113
977,0.002522653304372086,0.010606627310294662
978,0.002520576829834783,0.010605761120452282
979,0.0025185040095949828,0.010604897180402579
980,0.0025164348336882744,0.010604035482933084
981,0.0025143692921872334,0.010603176020860219
982,0.002512307375201252,0.01060231878702906
983,0.002510249072876394,0.010601463774313268
984,0.0025081943753951703,0.010600610975614901
985,0.002506143272976411,0.010599760383864312
986,0.002504095755875074,0.010598911992019951
987,0.0025020518143820864,0.010598065793068313
988,0.0025000114388241796,0.010597221780023714
989,0.0024979746195636925,0.010596379945928226
990,0.0024959413469984437,0.010595540283851472
991,0.00249391161156154,0.010594702786890552
992,0.0024918854037212206,0.010593867448169881
993,0.002489862713980709,0.010593034260841062
994,0.0024878435328780017,0.01059220321808273
995,0.0024858278509857683,0.01059137431310046
996,0.0024838156589111577,0.01059054753912661
997,0.00248180694729563,0.010589722889420193
998,0.002479801706814807,0.01058890035726675
999,0.0024777999281783308,0.010588079935978231
1000,0.0024758016021296883,0.010587261618892844
1001,0.0024738067194460516,0.010586445399374965
1002,0.0024718152709381235,0.010585631270814945
1003,0.0024698272474500097,0.010584819226629082
1004,0.0024678426398590126,0.01058400926025939
1005,0.002465861439075541,0.010583201365173562
1006,0.002463883636042909,0.0105823955348648
1007,0.0024619092217372115,0.010581591762851682
1008,0.00245993818716714,0.01058079004267809
1009,0.002457970523373899,0.010579990367913041
1010,0.0024560062214309744,0.010579192732150584
1011,0.00245404527244405,0.010578397129009673
1012,0.0024520876675508244,0.010577603552134085
1013,0.0024501333979208887,0.01057681199519223
1014,0.00244818245475557,0.010576022451877092
1015,0.0024462348292877767,0.0105752349159061
1016,0.0024442905127818665,0.010574449381020984
1017,0.0024423494965334996,0.01057366584098769
1018,0.002440411771869515,0.010572884289596265
1019,0.0024384773301477534,0.010572104720660707
1020,0.002436546162756942,0.010571327128018894
1021,0.0024346182611165302,0.01057055150553244
1022,0.0024326936166766022,0.010569777847086605
1023,0.0024307722209176747,0.010569006146590162
1024,0.002428854065350604,0.010568236397975293
1025,0.0024269391415164265,0.010567468595197487
1026,0.002425027440986235,0.010566702732235422
1027,0.002423118955361039,0.010565938803090863
1028,0.0024212136762716083,0.010565176801788527
1029,0.002419311595378396,0.01056441672237601
1030,0.002417412704371345,0.010563658558923675
1031,0.0024155169949697797,0.010562902305524492
1032,0.0024136244589222726,0.010562147956294024
1033,0.0024117350880065395,0.010561395505370236
1034,0.002409848874029252,0.01056064494691344
1035,0.0024079658088259717,0.010559896275106152
1036,0.002406085884260952,0.010559149484153053
1037,0.0024042090922270806,0.010558404568280796
1038,0.0024023354246457056,0.010557661521737979
1039,0.002400464873466525,0.010556920338795007
1040,0.0023985974306674515,0.010556181013743983
1041,0.002396733088254511,0.010555443540898636
1042,0.002394871838261675,0.010554707914594208
1043,0.002393013672750787,0.010553974129187339
1044,0.0023911585838113903,0.010553242179055976
1045,0.0023893065635606507,0.010552512058599296
1046,0.0023874576041431916,0.010551783762237567
1047,0.0023856116977310094,0.010551057284412097
1048,0.002383768836523319,0.01055033261958508
1049,0.0023819290127464845,0.010549609762239565
1050,0.0023800922186538154,0.010548888706879294
1051,0.002378258446525546,0.010548169448028666
1052,0.002376427688668645,0.0105474519802326
1053,0.0023745999374167283,0.01054673629805645
1054,0.002372775185129939,0.01054602239608592
1055,0.0023709534241948284,0.010545310268926985
1056,0.0023691346470242265,0.01054459991120574
1057,0.002367318846057147,0.010543891317568376
1058,0.0023655060137586902,0.010543184482681045
1059,0.0023636961426198723,0.010542479401229791
1060,0.0023618892251575626,0.010541776067920432
1061,0.0023600852539143536,0.010541074477478526
1062,0.002358284221458418,0.01054037462464919
1063,0.0023564861203834862,0.010539676504197095
1064,0.002354690943308612,0.010538980110906336
1065,0.002352898682878188,0.010538285439580368
1066,0.002351109331761722,0.01053759248504187
1067,0.0023493228826538164,0.010536901242132718
1068,0.0023475393282740074,0.010536211705713852
1069,0.0023457586613666675,0.010535523870665213
1070,0.0023439808747009266,0.010534837731885648
1071,0.0023422059610705226,0.010534153284292833
1072,0.0023404339132937152,0.010533470522823185
1073,0.002338664724213196,0.010532789442431762
1074,0.0023368983866959526,0.0105321100380922
1075,0.0023351348936331727,0.010531432304796605
1076,0.0023333742379401615,0.010530756237555502
1077,0.0023316164125562143,0.010530081831397725
1078,0.0023298614104445246,0.010529409081370351
1079,0.0023281092245920772,0.010528737982538602
1080,0.0023263598480095272,0.010528068529985782
1081,0.0023246132737311624,0.01052740071881318
1082,0.0023228694948147117,0.01052673454414
1083,0.0023211285043413213,0.010526070001103272
1084,0.002319390295415408,0.010525407084857788
1085,0.002317654861164596,0.010524745790575982
1086,0.0023159221947395767,0.010524086113447918
1087,0.0023141922893140537,0.010523428048681154
1088,0.0023124651380846063,0.010522771591500685
1089,0.0023107407342706113,0.010522116737148868
1090,0.002309019071114157,0.010521463480885326
1091,0.0023073001418799214,0.010520811817986909
1092,0.0023055839398550978,0.010520161743747581
1093,0.0023038704583492873,0.010519513253478361
1094,0.0023021596906944003,0.010518866342507247
1095,0.002300451630244587,0.01051822100617911
1096,0.002298746270376109,0.010517577239855703
1097,0.0022970436044872735,0.010516935038915464
1098,0.0022953436259983114,0.010516294398753566
1099,0.002293646328351344,0.010515655314781745
1100,0.0022919517050101943,0.0105150177824283
1101,0.0022902597494604,0.010514381797137944
1102,0.002288570455209043,0.01051374735437182
1103,0.0022868838157846945,0.010513114449607362
1104,0.002285199824737334,0.01051248307833825
1105,0.002283518475638251,0.01051185323607432
1106,0.002281839762079917,0.010511224918341533
1107,0.002280163677675955,0.010510598120681853
1108,0.002278490216061014,0.010509972838653216
1109,0.0022768193708907172,0.010509349067829457
1110,0.002275151135841514,0.010508726803800194
1111,0.0022734855046106684,0.010508106042170832
1112,0.0022718224709160984,0.01050748677856244
1113,0.0022701620284963507,0.010506869008611693
1114,0.0022685041711104875,0.010506252727970823
1115,0.0022668488925379907,0.010505637932307531
1116,0.0022651961865786893,0.010505024617304948
1117,0.0022635460470526937,0.010504412778661513
1118,0.0022618984678002842,0.010503802412090956
1119,0.0022602534426818277,0.01050319351332224
1120,0.002258610965577721,0.010502586078099427
1121,0.002256971030388282,0.010501980102181698
1122,0.0022553336310336554,0.01050137558134322
1123,0.002253698761453803,0.010500772511373125
1124,0.0022520664156083334,0.01050017088807542
1125,0.0022504365874764527,0.010499570707268938
1126,0.0022488092710569204,0.010498971964787246
1127,0.0022471844603679054,0.01049837465647864
1128,0.002245562149446969,0.01049777877820602
1129,0.002243942332350943,0.01049718432584685
1130,0.0022423250031558596,0.010496591295293095
1131,0.002240710155956878,0.010495999682451185
1132,0.0022390977848682067,0.010495409483241909
1133,0.0022374878840230312,0.01049482069360038
1134,0.002235880447573417,0.010494233309475957
1135,0.002234275469690256,0.010493647326832207
1136,0.002232672944563163,0.010493062741646823
1137,0.0022310728664004333,0.010492479549911574
1138,0.0022294752294289275,0.010491897747632253
1139,0.0022278800278940276,0.01049131733082859
1140,0.0022262872560595594,0.010490738295534228
1141,0.002224696908207705,0.01049016063779662
1142,0.0022231089786389144,0.010489584353677042
1143,0.002221523461671856,0.010489009439250426
1144,0.00221994035164337,0.010488435890605417
1145,0.0022183596429083087,0.010487863703844238
1146,0.0022167813298395456,0.010487292875082661
1147,0.0022152054068278744,0.010486723400449942
1148,0.0022136318682819175,0.01048615527608878
1149,0.0022120607086281046,0.010485588498155228
1150,0.0022104919223105255,0.01048502306281868
1151,0.0022089255037909283,0.010484458966261765
1152,0.002207361447548627,0.010483896204680326
1153,0.002205799748080409,0.01048333477428338
1154,0.0022042403999004844,0.01048277467129299
1155,0.002202683397540419,0.010482215891944306
1156,0.002201128735549068,0.010481658432485436
1157,0.0021995764084924737,0.01048110228917742
1158,0.002198026410953843,0.010480547458294171
1159,0.002196478737533444,0.010479993936122445
1160,0.0021949333828485615,0.01047944171896173
1161,0.002193390341533408,0.010478890803124264
1162,0.002191849608239067,0.01047834118493493
1163,0.002190311177633434,0.010477792860731219
1164,0.0021887750444011347,0.010477245826863168
1165,0.0021872412032434584,0.010476700079693337
1166,0.0021857096488783192,0.010476155615596736
1167,0.0021841803760401417,0.010475612430960762
1168,0.0021826533794798335,0.01047507052218517
1169,0.0021811286539647283,0.01047452988568199
1170,0.0021796061942784633,0.010473990517875545
1171,0.002178085995220984,0.010473452415202304
1172,0.002176568051608433,0.010472915574110904
1173,0.002175052358273107,0.01047237999106207
1174,0.0021735389100633862,0.010471845662528578
1175,0.002172027701843679,0.010471312584995188
1176,0.0021705187284943375,0.01047078075495861
1177,0.002169011984911622,0.01047025016892746
1178,0.002167507466007622,0.010469720823422173
1179,0.0021660051667101933,0.010469192714975015
1180,0.0021645050819629028,0.010468665840129978
1181,0.002163007206724973,0.010468140195442763
1182,0.0021615115359712063,0.010467615777480715
1183,0.002160018064691924,0.010467092582822794
1184,0.0021585267878929163,0.010466570608059528
1185,0.0021570377005953657,0.010466049849792922
1186,0.0021555507978358395,0.010465530304636459
1187,0.002154066074666131,0.010465011969215066
1188,0.002152583526153292,0.010464494840164977
1189,0.002151103147379528,0.010463978914133823
1190,0.00214962493344216,0.010463464187780453
1191,0.0021481488794535377,0.010462950657774974
1192,0.002146674980541033,0.010462438320798656
1193,0.0021452032318469024,0.01046192717354395
1194,0.002143733628528295,0.010461417212714347
1195,0.002142266165757188,0.010460908435024422
1196,0.002140800838720296,0.010460400837199745
1197,0.0021393376426190425,0.01045989441597684
1198,0.0021378765726694808,0.010459389168103163
1199,0.00213641762410229,0.010458885090337013
1200,0.00213496079216262,0.010458382179447535
1201,0.002133506072110137,0.010457880432214649
1202,0.002132053459218904,0.010457379845429014
1203,0.002130602948777374,0.010456880415891996
1204,0.0021291545360882713,0.010456382140415593
1205,0.002127708216468595,0.010455885015822423
1206,0.00212626398524954,0.01045538903894568
1207,0.0021248218377764297,0.01045489420662905
1208,0.0021233817694086992,0.010454400515726743
1209,0.00212194377551979,0.010453907963103387
1210,0.0021205078514971542,0.010453416545634005
1211,0.0021190739927421493,0.010452926260203976
1212,0.0021176421946700035,0.010452437103709003
1213,0.002116212452709801,0.010451949073055068
1214,0.0021147847623043505,0.010451462165158344
1215,0.002113359118910204,0.010450976376945243
1216,0.002111935517997565,0.010450491705352307
1217,0.002110513955050238,0.010450008147326183
1218,0.002109094425565627,0.010449525699823593
1219,0.0021076769250546004,0.0104490443598113
1220,0.002106261449041503,0.010448564124266034
1221,0.0021048479930640867,0.010448084990174484
1222,0.0021034365526734398,0.01044760695453325
1223,0.002102027123433986,0.010447130014348804
1224,0.002100619700923371,0.01044665416663744
1225,0.0020992142807324792,0.01044617940842526
1226,0.0020978108584652974,0.01044570573674811
1227,0.0020964094297389706,0.010445233148651551
1228,0.0020950099901836587,0.010444761641190809
1229,0.002093612535442547,0.01044429121143077
1230,0.0020922170611717816,0.010443821856445906
1231,0.0020908235630403963,0.010443353573320253
1232,0.002089432036730282,0.010442886359147367
1233,0.002088042477936178,0.010442420211030305
1234,0.0020866548823655364,0.01044195512608155
1235,0.002085269245738555,0.010441491101423027
1236,0.0020838855637880954,0.01044102813418601
1237,0.0020825038322596213,0.010440566221511117
1238,0.002081124046911179,0.010440105360548275
1239,0.002079746203513355,0.010439645548456666
1240,0.0020783702978491893,0.01043918678240471
1241,0.0020769963257141607,0.010438729059570018
1242,0.0020756242829161405,0.010438272377139344
1243,0.002074254165275325,0.010437816732308581
1244,0.002072885968624229,0.010437362122282703
1245,0.002071519688807576,0.010436908544275715
1246,0.002070155321682329,0.010436455995510657
1247,0.002068792863117586,0.010436004473219542
1248,0.0020674323089945536,0.010435553974643318
1249,0.0020660736552065083,0.010435104497031854
1250,0.002064716897658761,0.01043465603764389
1251,0.002063362032268595,0.010434208593747007
1252,0.002062009054965191,0.010433762162617568
1253,0.002060657961689665,0.010433316741540754
1254,0.0020593087483949616,0.010432872327810438
1255,0.002057961411045814,0.010432428918729222
1256,0.002056615945618724,0.010431986511608371
1257,0.0020552723481019036,0.010431545103767783
1258,0.0020539306144952262,0.010431104692535952
1259,0.002052590740810205,0.01043066527524997
1260,0.0020512527230699346,0.010430226849255434
1261,0.0020499165573090615,0.010429789411906441
1262,0.0020485822395736957,0.010429352960565599
1263,0.0020472497659214505,0.010428917492603901
1264,0.002045919132421327,0.010428483005400793
1265,0.0020445903351537006,0.010428049496344054
1266,0.0020432633702102813,0.010427616962829846
1267,0.0020419382336940815,0.01042718540226259
1268,0.0020406149217193454,0.010426754812055022
1269,0.0020392934304115213,0.01042632518962811
1270,0.0020379737559072498,0.01042589653241104
1271,0.002036655894354281,0.010425468837841165
1272,0.00203533984191144,0.010425042103364007
1273,0.0020340255947486254,0.01042461632643319
1274,0.0020327131490467058,0.010424191504510447
1275,0.0020314025009975454,0.010423767635065553
1276,0.0020300936468039084,0.010423344715576318
1277,0.0020287865826794744,0.010422922743528535
1278,0.002027481304848742,0.010422501716415976
1279,0.00202617780954701,0.010422081631740358
1280,0.00202487609302038,0.01042166248701126
1281,0.00202357615152566,0.010421244279746198
1282,0.002022277981330342,0.010420827007470468
1283,0.0020209815787125716,0.010420410667717244
1284,0.002019686939961131,0.01041999525802743
1285,0.002018394061375329,0.010419580775949726
1286,0.002017102939265052,0.010419167219040544
1287,0.002015813569950661,0.010418754584863984
1288,0.002014525949763007,0.010418342870991835
1289,0.0020132400750433256,0.010417932075003498
1290,0.002011955942143255,0.010417522194486025
1291,0.002010673547424793,0.010417113227034012
1292,0.002009392887260213,0.010416705170249615
1293,0.0020081139580320987,0.010416298021742534
1294,0.0020068367561332547,0.010415891779129948
1295,0.002005561277966686,0.010415486440036505
1296,0.0020042875199455636,0.01041508200209431
1297,0.0020030154784931764,0.01041467846294285
1298,0.0020017451500429165,0.010414275820229028
1299,0.0020004765310382283,0.010413874071607085
1300,0.0019992096179325737,0.010413473214738588
1301,0.0019979444071893896,0.010413073247292428
1302,0.0019966808952820714,0.01041267416694474
1303,0.0019954190786939338,0.010412275971378927
1304,0.0019941589539181357,0.01041187865828561
1305,0.0019929005174577287,0.010411482225362596
1306,0.0019916437658255228,0.010411086670314852
1307,0.0019903886955441254,0.010410691990854511
1308,0.0019891353031458703,0.010410298184700784
1309,0.001987883585172816,0.01040990524957999
1310,0.0019866335381766584,0.010409513183225506
1311,0.0019853851587187527,0.010409121983377739
1312,0.0019841384433700406,0.010408731647784093
1313,0.0019828933887110303,0.01040834217419899
1314,0.001981649991331778,0.010407953560383756
1315,0.0019804082478318153,0.010407565804106681
1316,0.0019791681548201622,0.010407178903142952
1317,0.001977929708915247,0.010406792855274623
1318,0.0019766929067449213,0.010406407658290632
1319,0.001975457744946384,0.010406023309986696
1320,0.0019742242201661784,0.010405639808165383
1321,0.001972992329060127,0.010405257150636005
1322,0.0019717620682933733,0.010404875335214652
1323,0.0019705334345402237,0.010404494359724098
1324,0.001969306424484235,0.01040411422199388
1325,0.0019680810348181154,0.010403734919860162
1326,0.001966857262243717,0.010403356451165798
1327,0.0019656351034720116,0.01040297881376023
1328,0.001964414555223017,0.010402602005499546
1329,0.0019631956142258135,0.010402226024246388
1330,0.0019619782772184956,0.01040185086786997
1331,0.001960762540948116,0.010401476534246017
1332,0.0019595484021706997,0.01040110302125679
1333,0.0019583358576511817,0.010400730326791004
1334,0.001957124904163368,0.010400358448743867
1335,0.001955915538489946,0.010399987385016986
1336,0.001954707757422409,0.010399617133518418
1337,0.001953501557761042,0.01039924769216258
1338,0.0019522969363149193,0.01039887905887029
1339,0.0019510938899018214,0.010398511231568656
1340,0.0019498924153482327,0.010398144208191174
1341,0.0019486925094893306,0.010397777986677582
1342,0.0019474941691689143,0.01039741256497391
1343,0.001946297391239414,0.01039704794103245
1344,0.0019451021725618205,0.010396684112811718
1345,0.001943908510005703,0.010396321078276408
1346,0.0019427164004491412,0.010395958835397446
1347,0.001941525840778705,0.010395597382151896
1348,0.0019403368278894469,0.010395236716522949
1349,0.0019391493586848332,0.010394876836499926
1350,0.0019379634300767576,0.010394517740078237
1351,0.0019367790389854726,0.010394159425259376
1352,0.0019355961823396025,0.010393801890050864
1353,0.001934414857076074,0.01039344513246629
1354,0.0019332350601401252,0.010393089150525196
1355,0.0019320567884852282,0.010392733942253162
1356,0.0019308800390731272,0.010392379505681702
1357,0.001929704808873751,0.010392025838848268
1358,0.0019285310948652043,0.010391672939796242
1359,0.0019273588940337623,0.010391320806574924
1360,0.0019261882033738127,0.01039096943723946
1361,0.001925019019887823,0.010390618829850881
1362,0.0019238513405863773,0.010390268982476022
1363,0.0019226851624880427,0.010389919893187563
1364,0.0019215204826194398,0.010389571560063971
1365,0.0019203572980151546,0.010389223981189476
1366,0.0019191956057177553,0.010388877154654063
1367,0.0019180354027777068,0.010388531078553462
1368,0.0019168766862534175,0.010388185750989109
1369,0.0019157194532111398,0.01038784117006813
1370,0.00191456370072501,0.010387497333903302
1371,0.0019134094258769685,0.010387154240613098
1372,0.0019122566257567528,0.010386811888321572
1373,0.0019111052974618832,0.010386470275158427
1374,0.0019099554380976238,0.01038612939925895
1375,0.0019088070447769577,0.010385789258763965
1376,0.0019076601146205587,0.010385449851819894
1377,0.0019065146447567731,0.010385111176578657
1378,0.0019053706323215863,0.010384773231197696
1379,0.0019042280744586003,0.010384436013839968
1380,0.0019030869683190062,0.01038409952267385
1381,0.0019019473110615632,0.010383763755873231
1382,0.0019008090998525722,0.010383428711617387
1383,0.0018996723318658471,0.01038309438809104
1384,0.001898537004282679,0.010382760783484286
1385,0.0018974031142918377,0.010382427895992597
1386,0.0018962706590895475,0.010382095723816836
1387,0.0018951396358793946,0.010381764265163164
1388,0.001894010041872397,0.010381433518243074
1389,0.0018928818742869398,0.010381103481273383
1390,0.0018917551303487248,0.01038077415247615
1391,0.0018906298072907828,0.010380445530078731
1392,0.0018895059023534364,0.01038011761231371
1393,0.0018883834127842722,0.010379790397418903
1394,0.00188726233583811,0.010379463883637325
1395,0.0018861426687769977,0.010379138069217204
1396,0.0018850244088701874,0.010378812952411925
1397,0.0018839075533940966,0.010378488531480013
1398,0.0018827920996322557,0.010378164804685149
1399,0.001881678044875369,0.01037784177029612
1400,0.001880565386421219,0.010377519426586832
1401,0.0018794541215746618,0.010377197771836247
1402,0.0018783442476475933,0.0103768768043284
1403,0.001877235761958963,0.010376556522352387
1404,0.0018761286618347174,0.01037623692420231
1405,0.0018750229446077796,0.010375918008177295
1406,0.0018739186076180395,0.01037559977258146
1407,0.0018728156482123199,0.010375282215723904
1408,0.0018717140637443536,0.010374965335918673
1409,0.00187061385157477,0.010374649131484764
1410,0.0018695150090710729,0.010374333600746098
1411,0.0018684175336075865,0.010374018742031494
1412,0.0018673214225654897,0.01037370455367468
1413,0.0018662266733327543,0.010373391034014242
1414,0.0018651332833041088,0.01037307818139363
1415,0.0018640412498810673,0.01037276599416112
1416,0.001862950570471856,0.010372454470669838
1417,0.0018618612424914133,0.010372143609277688
1418,0.001860773263361386,0.010371833408347379
1419,0.0018596866305100807,0.010371523866246393
1420,0.0018586013413724363,0.010371214981346964
1421,0.0018575173933900338,0.010370906752026057
1422,0.0018564347840110526,0.01037059917666539
1423,0.0018553535106902363,0.01037029225365135
1424,0.0018542735708889171,0.01036998598137505
1425,0.0018531949620749506,0.010369680358232262
1426,0.0018521176817227064,0.010369375382623409
1427,0.0018510417273130393,0.010369071052953564
1428,0.0018499670963333238,0.010368767367632446
1429,0.0018488937862773352,0.010368464325074359
1430,0.0018478217946453135,0.010368161923698204
1431,0.0018467511189438886,0.010367860161927474
1432,0.0018456817566861,0.010367559038190227
1433,0.0018446137053913596,0.010367258550919063
1434,0.0018435469625854165,0.010366958698551096
1435,0.0018424815258003447,0.010366659479528003
1436,0.001841417392574529,0.01036636089229592
1437,0.0018403545604526682,0.010366062935305488
1438,0.0018392930269856946,0.010365765607011813
1439,0.0018382327897308098,0.010365468905874456
1440,0.0018371738462514334,0.010365172830357438
1441,0.0018361161941171887,0.01036487737892917
1442,0.0018350598309039006,0.01036458255006251
1443,0.0018340047541935472,0.010364288342234676
1444,0.0018329509615742593,0.010363994753927287
1445,0.0018318984506403074,0.01036370178362633
1446,0.0018308472189920452,0.01036340942982214
1447,0.00182979726423594,0.010363117691009385
1448,0.001828748583984501,0.010362826565687041
1449,0.0018277011758563266,0.010362536052358417
1450,0.0018266550374759977,0.010362246149531086
1451,0.0018256101664741492,0.010361956855716916
1452,0.001824566560487379,0.01036166816943205
1453,0.0018235242171582707,0.010361380089196834
1454,0.0018224831341353562,0.0103610926135359
1455,0.0018214433090731018,0.010360805740978061
1456,0.001820404739631885,0.010360519470056366
1457,0.001819367423477993,0.01036023379930803
1458,0.0018183313582835884,0.010359948727274458
1459,0.0018172965417266726,0.010359664252501214
1460,0.001816262971491116,0.010359380373538016
1461,0.0018152306452665914,0.010359097088938698
1462,0.0018141995607485798,0.010358814397261246
1463,0.0018131697156383447,0.010358532297067739
1464,0.0018121411076429215,0.01035825078692433
1465,0.001811113734475096,0.01035796986540128
1466,0.0018100875938533868,0.010357689531072906
1467,0.0018090626835019909,0.010357409782517578
1468,0.0018080390011508457,0.010357130618317695
1469,0.0018070165445355382,0.010356852037059694
1470,0.0018059953113973202,0.010356574037334015
1471,0.0018049752994830804,0.010356296617735107
1472,0.0018039565065453363,0.010356019776861389
1473,0.0018029389303421907,0.010355743513315254
1474,0.00180192256863736,0.010355467825703077
1475,0.0018009074192001156,0.010355192712635134
1476,0.0017998934798052685,0.010354918172725684
1477,0.0017988807482331856,0.010354644204592867
1478,0.0017978692222697502,0.01035437080685874
1479,0.0017968588997063246,0.010354097978149252
1480,0.0017958497783397592,0.010353825717094232
1481,0.0017948418559723932,0.010353554022327384
1482,0.0017938351304119875,0.010353282892486253
1483,0.0017928295994717354,0.01035301232621224
1484,0.0017918252609702434,0.010352742322150551
1485,0.0017908221127315449,0.010352472878950233
1486,0.0017898201525850025,0.010352203995264115
1487,0.0017888193783653862,0.010351935669748836
1488,0.0017878197879127734,0.0103516679010648
1489,0.0017868213790726165,0.010351400687876173
1490,0.0017858241496956514,0.010351134028850887
1491,0.0017848280976378976,0.01035086792266061
1492,0.0017838332207606835,0.010350602367980733
1493,0.0017828395169305958,0.010350337363490359
1494,0.001781846984019444,0.010350072907872305
1495,0.0017808556199043015,0.010349808999813078
1496,0.001779865422467442,0.010349545638002866
1497,0.0017788763895963196,0.010349282821135512
1498,0.0017778885191836007,0.010349020547908516
1499,0.0017769018091270963,0.010348758817023036
1500,0.0017759162573297697,0.010348497627183848
